{"cameraMode":{"drawMode":0,"name":"Shaded","section":"Shading Mode"},"sceneLighting":true,"audioPlay":false,"sceneViewState":{"m_AlwaysRefresh":false,"showFog":true,"showSkybox":true,"showFlares":true,"showImageEffects":true,"showParticleSystems":true,"showVisualEffectGraphs":true,"m_FxEnabled":true},"in2DMode":false,"pivot":{"x":-12.791677474975586,"y":13.59404468536377,"z":23.535051345825197},"rotation":{"x":0.1555802971124649,"y":-0.4324086904525757,"z":0.07598572969436646,"w":0.8849800229072571},"size":18.253990173339845,"orthographic":false}