{"cameraMode":{"drawMode":0,"name":"Shaded","section":"Shading Mode"},"sceneLighting":true,"audioPlay":false,"sceneViewState":{"m_AlwaysRefresh":false,"showFog":true,"showSkybox":true,"showFlares":true,"showImageEffects":true,"showParticleSystems":true,"showVisualEffectGraphs":true,"m_FxEnabled":true},"in2DMode":false,"pivot":{"x":-19.343412399291993,"y":11.712417602539063,"z":14.123006820678711},"rotation":{"x":0.12600921094417573,"y":-0.8337612748146057,"z":0.21280139684677125,"w":0.49369123578071597},"size":6.959297180175781,"orthographic":false}