{"cameraMode":{"drawMode":0,"name":"Shaded","section":"Shading Mode"},"sceneLighting":true,"audioPlay":false,"sceneViewState":{"m_AlwaysRefresh":false,"showFog":true,"showSkybox":true,"showFlares":true,"showImageEffects":true,"showParticleSystems":true,"showVisualEffectGraphs":true,"m_FxEnabled":true},"in2DMode":false,"pivot":{"x":-11.850000381469727,"y":13.085999488830567,"z":18.659076690673829},"rotation":{"x":0.2807532250881195,"y":-0.37211504578590395,"z":0.11915311217308045,"w":0.8766888380050659},"size":21.503684997558595,"orthographic":false}