{"cameraMode":{"drawMode":0,"name":"Shaded","section":"Shading Mode"},"sceneLighting":true,"audioPlay":false,"sceneViewState":{"m_AlwaysRefresh":false,"showFog":true,"showSkybox":true,"showFlares":true,"showImageEffects":true,"showParticleSystems":true,"showVisualEffectGraphs":true,"m_FxEnabled":true},"in2DMode":false,"pivot":{"x":-19.343412399291993,"y":11.712417602539063,"z":14.123006820678711},"rotation":{"x":0.03462909534573555,"y":-0.9640459418296814,"z":0.15844228863716126,"w":0.2106328159570694},"size":6.959297180175781,"orthographic":false}